symbol,market_phase,phase_confidence,phase_confidence_score,structure_quality,trend_structure,effort_vs_result,volume_behavior,accumulation_distribution,composite_operator,structural_events,key_observations,caution_flags
DBRG,Accumulation,High,72,Clean,Bullish — Price advanced from ~15.33 (Jan low) to ~15.79 (Jun high); consistent higher lows from March base; stepwise progression with orderly pullbacks,Diverging — Early markup (Apr–May) showed good effort-to-result; recent June highs achieved on declining volume indicating diminishing upside momentum,"Declining on advances (May–Jun) | Elevated on early Jan (absorption/testing) | Volume spike Apr-21 (15.61, 9.2M — possible SOS or distribution test) | Near-term volume contraction at highs is cautionary",Prior accumulation phase (Jan–Mar) completed; price now in markup/possible early distribution zone; June price compression near highs with low volume suggests potential redistribution,Likely finished accumulation Jan–Mar; drove markup Apr–Jun; current behavior suggests operator may be selectively distributing or holding at upper range,"PS/SC candidate: Jan-02 (17.2M vol, wide spread) | ST: Jan-05 (16.6M) | Creek/resistance: ~15.36–15.38 (Jan–Mar trading range) | Spring: Mar-18 (15.32 low, low vol) | SOS: Apr-08 breakout (15.58, expanding range) | LPS: Apr-29/May-04 pullback held ~15.54 | Secondary SOS: May-20 (15.71, 5M vol) | Potential UTAD/distribution test: Jun-22 (15.79 high, 5M vol)","15.33–15.47 was the accumulation trading range (Jan–Mar) | Breakout above 15.47 in early Apr confirmed Phase D completion | Markup has been orderly and linear | Price now at ~15.72–15.79, approaching potential distribution zone | Volume trend on recent highs is contracting — weakest volume in dataset near peaks | Jun-22 wide spread high (15.79) on 5M vol followed by immediate retreat is notable",Volume drying up at new highs (May-28: 1.19M; Jun-04: 948K; Jun-25: 561K — lowest of entire dataset) | Potential UTAD behavior Jun-22 | Price stalling in 15.70–15.79 zone for 3+ weeks | Spread narrowing at highs suggests supply emerging | Reversal risk elevated if price fails to hold above 15.70 on next pullback
BXMT,Distribution,High,74,Mixed,Bearish | Lower highs forming since Feb 11–12 peak (~20.35) | Lower lows established May–June | Price broke below range support (~18.50–18.80) | Current price 17.35 at multi-month lows,Bearish divergence dominant | Apr 29 high-volume (4.34M) sharp reversal candle = UTAD/ND rejection | May 11 (1.95M) breakdown thrust | Jun 17–18 climactic volume surge (2.10M + 3.35M) with sharp downside = supply overwhelming demand | Mar 20 (3.99M) large-range down bar = early warning,"Elevated volume on down thrusts | Declining volume on rallies (Jan–Feb congestion, Apr recovery) | Jun 17–18 volume expansion on breakdown = professional selling confirmed | Rallies post-Apr 29 show low volume = weak demand | Distribution volume profile consistent",Distribution | No base-building evident | Rallies consistently rejected | Supply persistent from 20.00–20.43 zone,"Selling | CO absorbed retail buying during Jan–Apr range | Engineered UTAD near 20.35–20.43 (Feb 11–12, Apr 15–16) | Now facilitating markdown | No evidence of re-accumulation yet",Preliminary Supply (PSY): Feb 11–12 ~20.35 spike | Buying Climax (BC): Apr 15–16 ~20.13–20.43 | Automatic Reaction (AR): Apr 29 collapse to ~19.08 (4.34M vol) | Secondary Test (ST): Apr 20–28 low-volume rally to 20.12–20.23 | UTAD: Apr 15–16 thrust above range | Sign of Weakness (SOW): May 11 breakdown below 18.50 | Last Point of Supply (LPSY): May 26–27 weak rally to 18.58 | Markdown Confirmation: Jun 17–18 high-volume breakdown | Current: Phase E markdown — price 17.35,Price has broken decisively below the 18.50–18.80 support zone | Feb–Apr distribution range (18.50–20.43) now acting as overhead resistance | Jun 17–18 climax bars suggest possible near-term selling exhaustion but no demand signal yet | Volume on down bars consistently exceeds volume on up bars since May | 17.00–17.35 is now a watch zone for potential secondary selling climax or base formation,No confirmed Secondary Selling Climax (SC2) or Automatic Rally (AR) yet in markdown = markdown may extend | Jun 24–25 volume relatively low (896K) = possible exhaustion but unconfirmed | Any rally below 18.50 should be treated as LPSY unless high-volume demand emerges | Premature long entries risky — no Wyckoff re-accumulation structure visible | Broader macro context unknown — could amplify downside
HTGC,Accumulation,High,62,Mixed,Primary downtrend from ~19.03 (Jan) to ~13.70 (Mar low) | Basing range forming 13.70–15.80 | Higher lows emerging but upper resistance unbroken,"Feb sell-off: massive volume with large range = effort confirms distribution/markdown | Mar bottom: climactic volume (10.16M on 2/27, 5.2M+ early Mar) with price stabilization = absorption | Apr–May rally on declining volume = weak effort upward | Jun: narrowing range on low volume = indecision","Climactic selling 2/13 (8.6M), 2/27 (10.2M) = Selling Climax candidates | Diminishing volume on Apr–May advance = lack of demand | Jun volume contracting near 15.15–15.70 range = no conviction | No strong demand bar confirming markup","Accumulation bias — evidence of absorption at lows | However, failure to sustain above 16.00–16.50 and Jun drift back to 15.15 raises re-distribution concern",Appears to be testing supply at 15.60–16.10 zone repeatedly | Allowing weak hands to exit on low-volume pullbacks | Not yet committing to aggressive markup,"Preliminary Support (PS): ~2/13 area 15.40–15.58 | Selling Climax (SC): 2/27 @ 14.10–14.21, vol 10.16M | Automatic Rally (AR): 3/4–3/5 to ~15.37 | Secondary Test (ST): 3/12–3/16 lows ~13.84–13.98 | Spring/Shakeout candidate: 3/27 low 13.70 | Sign of Strength (SOS) attempt: Mar 31–Apr 17 rally to 16.06 | Last Point of Support (LPS) candidate: Apr 23–May area ~15.24–15.40 | Back Up to Edge of Creek (BUEC) attempt: Apr 30–May 6 push to 16.57 | Jun pullback = potential re-test of LPS / creek",Trading range established ~13.70–16.57 | Resistance cluster 15.60–16.10 repeatedly tested and rejected | Jun price compressing in 15.15–15.75 band on low volume | Three failed attempts to hold above 16.00 suggest supply still present | Higher low structure from Mar lows intact but fragile | Volume dry-up in Jun could precede directional move,"Failure to sustain above 16.00 after multiple tests = unabsorbed supply | Jun drift toward 15.15 risks re-test of creek / potential Sign of Weakness | Low PHASE_CONFIDENCE_SCORE reflects ambiguity between LPS setup and minor re-distribution | Volume confirmation of demand absent — no strong up-thrust with volume expansion | If 15.10 breaks on volume, structure reverts to Phase B re-test or Phase C failure"
KMT,Accumulation,High,58,Clean,Primary uptrend (Jan–Feb) → Distribution/Markdown (Feb–Mar) → Re-accumulation trading range (Mar–Jun) → Tentative upside breakout attempt late June,"Mixed — large effort bars (2026-02-04, 2026-03-12, 2026-05-06, 2026-05-08) show poor follow-through; recent effort (2026-06-25 low vol wide bar up) shows improving result vs effort","Climactic volume on 2026-02-04 (3.86M) | Selling climax candidates: 2026-03-12 (4.5M), 2026-05-06–08 (3.4M/3.2M) | Volume contracting on rallies mid-range then expanding on late June upthrust test | Low volume on 2026-06-25 upswing is notable — may indicate lack of supply",Net Distribution evident Feb peak (~41.74) → markdown to ~31.72 (Jun 1) | Subsequent base-building Jun suggests re-accumulation | No confirmed sign of strength breakout above ~37.00 resistance yet sustained,Appears to be testing absorption at lows (31.72–33.00 zone) after markdown | Late June recovery on declining volume suggests supply exhaustion | CO likely building position in 31.72–36.00 range,"Preliminary Support (PS): 2026-03-19–20 (~34.12) | Selling Climax (SC): 2026-06-01 (~31.74, high volume) | Automatic Rally (AR): 2026-06-02 (~33.56) | Secondary Test (ST): 2026-06-03–05 (~32.63–32.90) | Spring candidate: 2026-06-01 low 31.72 | LPS (Last Point of Support): 2026-06-22–23 (~35.09–35.44) | Sign of Strength (SoS) attempt: 2026-06-25 close 36.53","Feb 2026 climax rally to 41.74 followed by sharp distribution and markdown | Triple-bottom structure forming: Mar lows ~33.71, May lows ~33.22, Jun low ~31.72 | Jun 1 low on elevated volume (1.8M) = plausible SC | Recovery from 31.72 to 36.53 represents ~15% move | Shrinking volume on June consolidation 32.63–33.56 supports absorption thesis | 2026-05-06 anomaly bar (37.71–43.81, 3.4M) = likely news-driven — distorts structure | Current price 36.53 approaching resistance zone 36.50–37.55",2026-05-06–08 spike/reversal (43.81 → 36.07) unresolved — overhead supply likely | Multiple failed rallies above 40.00 indicate strong supply zone | Spring at 31.72 not yet confirmed with clear SoS on strong volume | Low data volume on 2026-06-24–25 (606K/353K) — may not reflect institutional participation | Re-accumulation vs. continuation of markdown remains ambiguous without volume confirmation above 37.55 | PHASE_CONFIDENCE_
WTTR,Accumulation,High,62,Mixed,Macro uptrend (Jan–May) → Distribution topping pattern (Apr–May highs ~$20.48) → Emerging markdown with partial re-accumulation attempt (Jun consolidation ~$17.70–$19.20 range),"Effort WITHOUT Result on upside: May 6 wide-range bar (high $18.50, vol 3.5M) failed to sustain | Feb 18–20 climactic surge with massive vol (9.75M on Feb 20 reversal) = classic buying climax + automatic reaction | Jun 18 downside spike (vol 3.4M, close $17.70) = potential selling climax / shakeout",Climactic volume: Feb 18 (3.3M) + Feb 20 (9.75M) = Buying Climax zone | Elevated vol on markdown bars post-May peak | Jun 18 high-vol downside bar suggests potential ST (secondary test) setup | Declining vol on bounces Jun 22–25 = weak demand confirmation,Distribution confirmed at $15.50–$20.48 range (Feb–May) | Current Jun range ($17.70–$19.20) shows early signs of potential re-accumulation but insufficient spring/test confirmation,"Distributed heavily Feb 18–20 climax zone | Engineered shakeout Jun 18 ($17.32 low, high vol) | Tentative re-entry visible Jun 22–25 on recovering closes | Operator posture: NEUTRAL to cautiously accumulating at lower range","SC (Selling Climax candidate): Feb 20 — $12.51 low, 9.75M vol | BC (Buying Climax): Feb 18 — $15.425 high, 3.3M vol | AR (Automatic Rally): Feb 24–26 back to $13.85 | Secondary Test: Mar range $13.46–$14.03 | Markup Phase: Mar–May $13.46 → $20.48 | UTAD (Upthrust After Distribution): May 6 $18.50 / May 19–20 $20.18–$20.48 | Markdown initiation: May 21–29 | Potential Spring/Shakeout: Jun 18 $17.32 low on 3.4M vol | Tentative LPS (Last Point of Support): Jun 22–25 recovering",Feb 18–20 represents a textbook BC/AR/ST sequence that launched the markup | The $20.48 peak (May 20) marks probable distribution ceiling | Jun 18 spike low on 3x average volume is the most significant recent event — potential spring or simply continuation of markdown | Jun 22–25 shows narrow-range recovery on declining volume — insufficient to confirm re-accumulation | Price remains below all major structural highs; no sign of SOS (Sign of Strength) rally yet,"Jun 22–25 volume declining on recovery — weak demand signal | No confirmed SOS bar post-Jun 18 shakeout | If $17.32 Jun 18 low breaks, markdown acceleration likely toward $15.00–$15.50 support | Distribution range ($15.50–$20.48) is wide — could mean extended markdown phase | Low volume on Jun 25 close ($19.185) on small sample — data may be partial/"
DRH,Distribution,High,72,Clean,Bullish | Base formed Jan–Mar 2026 (~9.00–9.60 range) | Breakout initiated Apr 2026 | Sustained markup through Jun 2026 | Price advanced from ~9.00 to ~12.41 (+38%) | Structure shows orderly step-up pattern with brief consolidations,Mostly harmonious early | Feb 10 breakout (10.01) on moderate volume = efficient | Apr 8–9 surge on expanding volume = strong effort/result | May–Jun grind higher on declining volume = effort/result diverging (warning),Jan–Mar base: moderate declining volume = supply absorption | Jan 27 spike (6.7M) = shakeout/selling climax within base | Feb 4 (7.0M) = bullish thrust confirming demand | Apr–May markup: volume declining as price rises = thinning participation | Jun: low volume new highs = concerning divergence,Prior Accumulation completed (Phase A–D) in Jan–Mar 2026 range | Current phase = Distribution risk emerging at highs | Volume declining on new highs = classic late markup warning | No confirmed distribution structure yet established,Completed absorption in 9.00–9.60 zone | Executed markup campaign efficiently | Currently distributing into strength or allowing markup to exhaust | Thinning volume on highs suggests reduced CO support,"Selling Climax (SC): Jan 27 (6.7M, wide spread down) | Automatic Rally (AR): Jan 28–Feb 4 | Secondary Test (ST): Feb 13 (5.2M) | Sign of Strength (SOS): Feb 26–27 breakout attempt | Last Point of Support (LPS): Mar–Apr consolidation 9.20–9.60 | Breakout/Markup Begin: Apr 8–9 | Creek Jump Confirmed: Apr 14–17 >10.41 | Minor LPS: Apr 22–24 pullback | Continued Markup: May–Jun | Potential Buying Climax (BC): Jun 18 (3.4M wide-range bar to 12.31) | Upthrust risk: Jun 22–25 narrow range at highs on low volume",38% advance from base lows | Volume declining through May–Jun markup = classic warning | Jun 18 high-volume wide-range bar may represent Buying Climax | Post-Jun 18: price consolidating 12.19–12.41 on very low volume (603K Jun 25) | Narrow ranges at highs with shrinking volume = potential Upthrust or UTAD forming | Base accumulation was well-structured and valid | Markup duration (~3 months) is proportional to base width,Volume divergence: new price highs on declining volume since May | Jun 25 volume (603K) extremely low = lack of conviction | Potential Buying Climax Jun 18 followed by stall | No confirmed distribution yet but conditions ripening | Extended markup may be entering Phase E terminal zone | Watch for Upthrust After Distribution (UTAD) above 12.41 | Failure to hold 12.00 would be first warning | Break below 11.50 would signal Phase A of Distribution
WERN,Accumulation,High,62,Mixed,Macro uptrend Jan→Feb peak (~38.45); sharp markdown Feb→Mar (~26.70 low); recovery rally Mar→Jun (26.70→44.75); current pullback from Jun highs suggests distribution or test,Feb-06 wide spread down on massive volume (2.9M) = effort with result (supply); Mar markdown confirmed weak demand; May-14 surge on 2.4M = strong effort with result (demand); Jun-09 high volume reversal bar = effort without upside result (supply entering),Climactic volume at Feb-04/05 top (~2.3-2.9M) | Selling climax character Mar-11/13 (~1.7M) | Absorption volume Mar-Jun base | Expansion volume May-14/20/26 on markup | Jun-08/09 high volume reversal signals supply,Mar low zone (26.70-27.50) = Accumulation base (SC/ST/Spring structure) | Feb top (37.55-38.45) = Distribution zone (BC/UTAD character) | Jun 44.15-45.27 = potential secondary distribution range forming,CO accumulated Mar lows; marked up aggressively Apr-Jun; showing signs of distribution near 43-45 range with selective supply absorption; Jun pullback tests commitment of weak holders,Buying Climax (BC): Feb-04/05 ~38.39 | Automatic Reaction (AR): Feb-06 ~33.18 | Secondary Test (ST): Feb-11/12 ~36.27 | Sign of Weakness (SOW): Feb-12 drop to 31.07 | Selling Climax (SC): Mar-12/13 ~26.70 | Automatic Rally (AR): Mar-23/24 ~29.47 | Spring/Test: Mar-18/19 ~26.62 | Sign of Strength (SOS): Apr-08/May-14 breakout | Last Point of Support (LPS): May-04/05 ~34.19 | Upthrust (UT): Jun-08/09 ~45.27 reversal,"Price rallied ~68% from Mar low (26.62) to Jun high (45.27) | Jun-09 bar: high volume, wide spread, close well off highs (45.27→43.50) = classic upthrust/supply bar | Jun-10 continuation lower confirms supply | Current 42-43 zone = prior resistance now support test | Recovery to 42.19 on Jun-25 with moderate volume = tentative demand | Weekly structure shows potential LPS or SOW decision point",Upthrust on Jun-08/09 high volume reversal unconfirmed as definitive top | Range 42-44 could be re-accumulation LPS if volume contracts and price holds | Feb distribution range (~33-38) now well below — if broken below 40 on volume = SOW confirmed | Whipsaw risk elevated in 40-44 congestion zone | Low volume Jun-03/04/06 area may indicate lack of conviction on either side | Mar-Apr recovery speed was rapid — potential for equal-speed markdown if distribution confirmed
IMAX,Distribution,High,62,Mixed,Primary uptrend from Jan lows (~33.30) to Jun highs (~45.52) | Multiple consolidation ranges interrupt trend | Recent price action showing distribution characteristics near highs | Lower highs forming on Jun 22–25,"Feb 26 climactic surge (4.2M volume, +4.66 points) = high effort, strong result (Sign of Strength candidate) | May 22 spike (3.9M volume, +5.34 close) = strong effort, strong result (secondary SOS) | May 1 (3.7M volume, -1.51) = high effort, negative result (bearish divergence) | Apr 17 (2.8M volume, -2.01) = selling effort with result (supply entering) | Jun 10 (1.7M volume, +3.20) = moderate effort, strong result","Volume expansion on upside bursts (Feb 26, May 22, Jun 10) confirms markup | Volume contraction on Jun consolidation (500–850K range) suggests absorption or lack of demand | Elevated volume on downside bars (Apr 17, May 1, May 4) signals distribution pressure | Recent volume drying up near highs (Jun 18–25) = potential Last Point of Supply behavior","Base accumulation: Jan 7–Feb 13 (~33.30–36.50 range) | Secondary accumulation: Apr 13–May 21 (~32.71–37.70 range) | Possible early distribution: Jun 15–25 (44.00–45.52 zone) — volume declining on rally, price stalling",Accumulated heavily in Jan–Feb base | Marked up aggressively twice (Feb 26 and May 22 SOS events) | Potentially distributing near 43.00–45.52 zone | Reduced commitment evidenced by thinning volume at highs,"SC (Selling Climax): Jan 7–8 (~33.30, volume surge) | AR (Automatic Rally): Jan 9–16 (33.46→37.61) | ST (Secondary Test): Jan 22–29 (pullback to ~33.71) | SOS1 (Sign of Strength): Feb 26 (41.77 close, climactic volume 4.2M) | LPS1 (Last Point of Support): Mar 19–20 (~36.50) | SOS2: May 22 (39.12 close, 3.9M volume) | LPS2: May 27–Jun 9 (38.62–40.50 consolidation) | Potential UTAD/PSY (Preliminary Supply): Jun 16–18 (~44.29–44.55) | Potential BC (Buying Climax): Jun 17 (45.09 high) | SOW warning: Jun 22–25 declining closes on low volume",Two distinct accumulation bases preceded two markup thrusts | Feb 26 and May 22 both acted as spring-launch SOS events | Price has advanced ~36% from Jan lows to Jun highs | Jun 15–25 price compressing 44.00–45.52 with sharply declining volume | Last 3 sessions show lower highs and lower closes — potential distribution onset | Apr 17 and May 1 high-volume down days were absorbed — confirmed operator support | Jun 25 half-session volume (209K) too low to confirm direction,
HE,Accumulation,Low,42,Clean,Bearish — Higher high at 17.38 (Feb 6) followed by sustained lower highs and lower lows; price ~24% off peak; downtrend intact,"Effort exceeds result on rallies (wide spread up days fail to sustain); sell climax candidate on May 11 (5.5M vol, -1.57 range) shows effort with minimal follow-through recovery","Volume expansion on markdown phases (Jan 9 rally exhaustion, May 8-11 breakdown); volume contraction on rallies from May low suggests weak demand; drying volume in June range is ambiguous — could indicate absorption or disinterest",Distribution confirmed from Feb peak (~17.38) through March; current phase shows characteristics of either early re-accumulation (Creek at ~13.50) or continuation consolidation before further markdown,Appears to have distributed between 15.50–17.38 (Jan 29 – Feb 6); currently non-committal — no clear aggressive accumulation footprint; possible quiet absorption in 13.07–13.75 zone,"PSY: Jan 9 (14.77, 5.3M) | BC/AR: Jan 29 high 16.67 / Jan 30 reaction | ST: Feb 6 peak 17.38 (4M) | SOW: Mar 6 breakdown 14.62 | LPSY: Mar 2 rally failure 16.83 | Secondary SOW: May 8-11 (3.2M + 5.5M, gap-down to 13.34) | Possible SC: May 11 (13.34 low, 5.5M) | Possible AR: May 20 (13.93) | ST in Potential Creek: Jun 1 low 13.06 | Current range: 13.06–13.75",Price peaked Feb 6 at 17.38 and has declined to 12.72 low (Jun 22) — ~27% decline | May 11 high-volume breakdown (5.5M) is most significant selling event — potential selling climax | Post-May 11 range 13.07–13.93 is narrow (~6%) with contracting volume — possible cause-building | Jun 18 high volume (3M) on down day to 13.02 is concerning — possible renewed supply | Jun 22 low 12.72 is new reaction low — potential Spring or Sign of Weakness | Recent Jun 23-25 recovery to 13.27-13.32 on moderate volume is inconclusive,No confirmed Spring with strong upthrust reversal | Jun 18 volume spike (3M) on red candle signals persistent supply | Jun 22 new low 12.72 breaks prior support — bearish until reclaimed | Volume on recovery attempts (Jun 23-25) is below average — weak demand | No Phase E markup signals present | Possible Phase C Spring not yet confirmed — could be continuation markdown | 13.50 level acting as resistance ceiling repeatedly — failure to break is bearish | Overall structure favors bears until 13.75+ reclaimed on expanding volume
GOF,Accumulation,Low,38,Clean,Primary downtrend intact from 13.09 (Jan 7) to current ~10.62 | Lower highs: 13.09→12.98→12.55→12.21→11.63→11.56→11.20 | Lower lows: 12.56→12.08→11.07→10.54→10.50,"Effort present on down days (Mar 6: 2.89M, Mar 9: 3.62M, Jun 24: 3.25M) with proportional price decline — supply in control | Rally attempts (Mar 31, Apr 20, May 11) show modest volume without follow-through — demand insufficient",Elevated volume on downside breaks confirms distribution/markdown | Declining volume on rallies signals weak demand | Jun 24 high-volume down bar (3.25M) near lows may signal climactic selling | Recent volume tapering suggests supply exhaustion possible but unconfirmed,"Net distribution from Jan through present | No confirmed accumulation phase established | Potential Selling Climax (SC) candidate: Mar 9 (3.62M, 11.07 low) | Secondary Test candidates: Mar 16-18 on reduced volume | Jun 24 bar may represent another SC attempt at ~10.50","Operator appears in distribution/offloading mode | No evidence of institutional absorption at current levels yet | Brief pauses (Apr-May range 11.20-11.63) suggest minor re-distribution, not accumulation",Preliminary Supply (PSY): Jan 6-7 ~13.04-13.09 | Buying Climax (BC): Jan 7 13.09 high | Automatic Reaction (AR): Jan 8 12.68 | Sign of Weakness (SOW): Feb 2 gap down 12.76→12.35 on 2.97M | Last Point of Supply (LPSY): Feb 9-13 failed rally ~12.50-12.56 | Markdown acceleration: Mar 6-9 | Potential SC: Mar 9 11.07 / Jun 24 10.50 | Potential ST after SC: Mar 10-18 | LPSY2: May 11-15 ~11.56 | Continued markdown: Jun 16-24,Full markdown from ~13.09 to ~10.50 = -19.8% decline over ~6 months | Apr-May trading range (10.61-11.63) compressed — possible base building but no spring confirmed | Jun breakdown below Apr lows (~10.74) is bearish continuation signal | Jun 24-25 volume spike near 10.50 is most significant potential capitulation event in dataset | Price has not recaptured any meaningful resistance level on strong volume,"No confirmed spring or successful test of support yet | Jun 24 climactic volume could be trap — requires follow-through above 11.00-11.20 to signal reversal | Persistent lower highs prevent bullish re-classification | Thin volume rallies (Apr 24: 567K, Apr 29: 694K) suggest disinterest not absorption | No Phase A/B accumulation structure confirmed — premature to call bottom | Risk of further markdown if 10.50 fails to hold"
SHO,Distribution,High,72,Clean,Bullish | Higher lows and higher highs maintained from April lows | Acceleration from May through June | Recent 2-session pullback from 12.07 high,Mixed at highs | Strong effort (volume) on June 18 and June 23 with limited upside progress | Divergence emerging near 12.00 resistance zone,Accumulation-phase volume spike Jan 27 (7.35M) marked SC/ST | Markup confirmed with expanding volume Apr-May | June climactic volume (4.52M Jun 18 | 4.89M Jun 23) on narrow spreads = warning sign | Recent volume contraction on Jun 24-25 on down closes,Prior Accumulation: Jan 27 – Apr 7 (base ~8.73–9.35) | Markup Phase: Apr 8 – Jun 18 | Possible early Distribution signals emerging Jun 17–25 near 12.00–12.07,CO executed clean accumulation in Jan-Mar range | Markup campaign well-executed through May-June | Possible CO beginning distribution or testing supply absorption near 12.00,SC (Selling Climax): Jan 27 @ 8.75 high vol 7.35M | AR (Automatic Rally): Feb 4 @ 9.05 vol 4.99M | ST (Secondary Test): Feb 5 vol 8.26M narrow spread | Spring/LPS: Apr 6-7 @ 8.97-9.00 low vol | SOS (Sign of Strength): Apr 8-10 surge | BU (Back-Up): Apr 15-22 retest | Markup continuation: May-June | PSY/BC candidate: Jun 18 @ 12.03 vol 4.52M | UTAD candidate: Jun 22-23 @ 12.07 high vol on no follow-through,Price advanced ~38% from SC low (8.73) to current highs (12.07) | Jan 27 volume anomaly (7.35M vs avg ~1.5M) = definitive SC | Feb 4-5 high-volume narrow spread = institutional absorption confirmed | Apr markup launch low-volume orderly = CO controlled | Jun 17-18 and Jun 23 show high volume with upper wick rejection and closing off highs | Jun 24-25 back-to-back closes lower on above-avg vol = initial supply pressure,Potential UTAD forming near 12.00-12.07 | Jun 23 volume 4.89M = highest in markup phase with close well off highs | Narrow spread on Jun 24-25 with declining closes = loss of upside momentum | No confirmed Distribution phase yet but early PSY/BC/UTAD signals present | Watch for SOW (Sign of Weakness) below 11.50 to confirm phase shift to Distribution
SEM,Accumulation,High,72,Mixed,Bullish base (Jan–Feb) → Strong Markup (Feb 5–Feb 18) → Sharp Correction/Shakeout (Feb 20) → Gap-up Relaunch (Mar 3) → Extended Tight Trading Range (Mar–June) → Marginal new highs with declining range,"Effort-Result Divergence present | Massive volume on Mar 3 (10.6M) and Mar 11 (19.1M) with minimal price movement suggests absorption | Late-stage volume spikes (May 20–21, Jun 25) on fractional moves indicate churning",Jan–Feb: Rising volume confirming markup | Feb 20: Climactic volume (3.06M) on large down bar — potential Automatic Reaction/LPSY test | Mar 3 gap-up: Extreme volume (10.6M) — buying climax or institutional gap fill | Mar onward: Persistently elevated volume on near-zero range = absorption/churning | Jun 25: 7.84M spike on tight range — significant but ambiguous,Jan–early Feb: Accumulation Phase C/D characteristics | Feb 5–18: Phase D/E Markup | Feb 20: Possible UTAD or SOW | Mar 3 gap-up with massive volume: Potential Buying Climax (BC) initiating Distribution | Mar–June tight range: Possible Distribution Phase B or Re-accumulation consolidation,Likely completing absorption at 16.25–16.70 range | Mar–Apr behavior consistent with CO defending a price level (possible mandatory bid/fixed price event) | Late May–June marginal drift higher with selective volume spikes suggests controlled distribution or staged markup,Preliminary Support (PS): ~Jan 2 14.74 | Sign of Strength (SOS): Feb 5–11 surge | Buying Climax (BC) candidate: Feb 17–18 at 16.59 high | Automatic Reaction (AR): Feb 20 drop to 14.53 | Secondary Test (ST): Feb 23–27 retest ~14.68–14.97 | Gap-up BC2/Jump Across Creek: Mar 3 at 16.27 on 10.6M vol | Extended Phase B Distribution: Mar–June 16.20–16.70 | Upthrust candidates: Feb 17 16.59 | Last Point of Supply (LPSY) candidates: Jun 15–18 16.70 fade | Potential Sign of Weakness: Jun 17–18 pullback from 16.68,"Feb 20 single-day collapse (16.32→14.53, 3.06M vol) is the most significant structural event — likely shakeout or SOW | Mar 3 gap of ~8.5% on 10.67M vol is anomalous — possible corporate event, index inclusion, or forced buying | Post-Mar 3 range (16.20–16.70) spans ~50 cents over 4 months with persistent high volume = classic absorption/distribution behavior | Price making marginal new highs (16.70) with volume declining on advances = weakening demand | Jun 25 volume spike (7.84M) on 3-cent range requires monitoring as potential climactic action",Mar 3 volume anomaly (10.6M) and Mar 11 (19.1M) may
NTST,Accumulation,High,62,Noisy,Primary uptrend Jan–Feb (17.14→21.30) | Distribution/Redistribution Mar–May (21.30→19.45 correction) | Base building May–Jun (19.45–20.77) | Tentative breakout attempt Jun-25,Feb-12 massive volume spike (8.97M) with strong upside result — climactic buying | Mar–May declining price on moderate volume — distribution effort | Jun-18 high volume (2.39M) on downside — shakeout/spring candidate | Jun-25 surge (7.27M) strong upside result — potential SOS,Climactic volume Feb-12 (8.97M) marks buying climax | Volume contracts through consolidation Mar–May confirming range | Jun-18 elevated volume on selloff (potential SC/spring) | Jun-25 volume spike (7.27M) highest since Feb-12 — demand returning,Initial markup Jan–Feb consistent with markup phase | Feb–Mar top formation with distribution characteristics | Mar–Jun correction and base building resembles re-accumulation | Jun-25 high-volume thrust suggests absorption complete,Absorbed supply through Mar–May range | Executed shakeout Jun-17/18 (price dipped to 19.115–19.45) | Initiated markup Jun-25 with high-volume thrust to 20.77+ suggesting CO re-engagement,"SC candidate: Feb-12 (8.97M climactic volume) | AR: Feb-17 (20.55 high) | Secondary Test: Feb-18/19 pullback | SOW: Mar-20 (2.77M, range breakdown to 18.94) | Creek/Resistance: 20.40–20.60 zone | Spring/Shakeout: Jun-17/18 (19.115 low, elevated volume) | LPS: Jun-22/23 (higher low, reduced volume) | SOS candidate: Jun-25 (7.27M, strong close 20.77)",Range established ~18.65–21.30 since Feb | Support zone 18.65–19.20 tested multiple times and held | Jun-25 breakout above 20.40 resistance on highest volume since Feb-12 — significant | Price recovering from Jun-17/18 shakeout low (19.115) — classic spring behavior | Higher lows forming Jun-22→Jun-25 confirms demand absorption,Jun-25 close (20.77) still below Feb highs (21.30) — not confirmed breakout | Single-day volume spike needs follow-through confirmation | Overall 5-month range could also be redistribution if Jun-25 fails | Weak closes on several up days Apr–May suggest supply not fully absorbed | No sustained volume expansion during May consolidation — ambiguous intent
DEI,Accumulation,Low,52,Clean,Primary downtrend from Jan high (~11.68) to Mar low (~9.12) | Recovery rally Apr–Jun to ~12.82 | Recent pullback from Jun peak suggests potential Distribution or Re-accumulation test,"Effort/Result divergence visible at Jun 9 spike (high volume, modest close gain) | May 6 breakout bar (5M vol, large range) showed strong result — bullish effort | Jun 17 sharp drop on moderate volume — supply emerging","Climactic volume on Feb 11 (6.4M) and Feb 12 (6.2M) — Selling Climax candidate | May 6 (5.1M) — Sign of Strength breakout | Jun 9 (4.2M) — high volume at resistance, possible Upthrust or BUEC test | Recent volume declining on pullback — constructive but inconclusive","Accumulation phase: Jan–Apr (SC Feb 11-12, AR Feb 20, ST Mar lows, Spring Apr 2 ~9.04) | Markup: Apr 15–Jun 10 | Current: Possible Distribution Phase A or Re-accumulation Phase B beginning ~Jun 10",Absorbed supply via SC/ST in Feb–Mar | Marked price up aggressively May–Jun | Now testing commitment at Jun highs — possible distribution or shakeout before continuation,Preliminary Supply (PS): Jan 6–7 (~11.55–11.68) | Selling Climax (SC): Feb 11–12 (~10.27 down to 9.53) | Automatic Rally (AR): Feb 20 (~10.50) | Secondary Test (ST): Mar 20 (~9.25) | Spring/Shakeout: Apr 2 (~9.04) | Sign of Strength (SOS): Apr 15–16 surge | Last Point of Support (LPS): Apr 22–27 consolidation | Markup continuation: May 6 breakout (~12.53 high) | Buying Climax (BC) candidate: Jun 10 (~12.82) | Automatic Reaction (ARx): Jun 17–18 drop | Secondary Test of BC: Jun 22–25 area,SC confirmed by 2-day capitulation volume (6.4M + 6.2M) well above avg | Spring at 9.04 on low volume — classic Wyckoff Spring Phase C | SOS breakout Apr 15–16 with volume expansion confirmed accumulation | May 6 gap-up with 5M volume = institutional participation in markup | Jun 10 peak at 12.82 on elevated volume with subsequent failure to hold — BC-like behavior | Current price ~11.49–11.63 sits near Jun AR support zone | Declining volume on recent pullback could indicate lack of supply (re-accumulation) or weak demand (distribution),BC/Distribution not confirmed — price could re-accumulate before higher markup | Jun 17 sharp single-day drop (-0.78) on nearly 2M vol warrants monitoring | Volume declining sharply in late Jun — could signal distribution or demand exhaustion | Price below Jun AR midpoint — needs reclaim of 12.00+ to confirm re-accumulation | Short data window limits higher-timeframe context | No clear UTAD yet — distribution case remains unconfirmed
ARI,Accumulation,High,62,Mixed,Sideways-to-weak-upward consolidation | Base range ~10.06–11.24 | Post-markup (Jan 28 spike) digestion phase | Lower highs forming since Apr 15 peak (11.24) | Support ~10.06–10.27 tested Mar 20,"Jan 28–30 massive volume (5.3M–3.3M) produced markup but price rejected at 11.21 — effort partially met | Mar 20 high-volume sell-off (3.9M) with wide spread down to 10.06 — climactic effort, possible SC/Spring | Jun 16–25 cluster of elevated volume (2.6M–5.0M) with price unable to advance — supply entering, effort NOT met on upside","Climactic spike Jan 28 (5.3M) — Buying Climax or JAC signal | Elevated distribution volume Feb 12 (1.86M) on down close | Mar 20 (3.9M) sharp decline — Selling Climax candidate | Apr 7–8 volume increase on modest advance — tepid demand | Jun 16–25 heaviest recent volume cluster (2.6M–5.0M) on declining/flat closes — supply dominance, possible Distribution or re-test failure",Ambiguous — initial structure favors re-accumulation post-Jan spike | Jun high-volume weakness introduces distribution risk | Net price ~10.06 low (Mar 20) to ~10.76–10.91 recent range — modest net gain but fading,Appears to be absorbing supply post-Jan markup | Recent Jun high-volume days with flat-to-down closes suggest CO may be testing demand or beginning markdown preparation | No clear sign of aggressive mark-up initiation,"Jan 28: Automatic Rally / Jump Across Creek (JAC) — volume 5.3M, gap open | Jan 29–30: Secondary Test of JAC — volume declining | Feb 12: Down close on elevated volume — possible Sign of Weakness (SOW) | Mar 20: Selling Climax (SC) candidate — 3.9M volume, wide spread down to 10.06 | Mar 23–26: Automatic Rally post-SC | Apr 8–15: Rally attempt, Last Point of Supply (LPSY) forming near 11.22–11.24 | Apr 29: Sharp drop 2.78M volume — mini-SOW | May–Jun: Range contraction with elevated supply Jun 16–25",Jan 28 gap-up spike is dominant structural event — created a new range | Price has failed to exceed Jan 29 high (11.21) for 4+ months — overhead supply intact | Mar 20 low (10.06) is critical support — Spring candidate | Jun 16–25 high-volume cluster at 10.66–10.91 is most recent concern — distribution character | Range: ~10.06 (support) to ~11.24 (resistance) — width ~1.18 points | Declining volume on rallies post-April confirms weakening demand,Jun high-volume cluster may signal Phase D Distribution rather than re-accumulation | No confirmed Sign of Strength (SOS) rally with expanding volume since Apr | Price consistently failing below Jan spike highs — possible UTAD already completed | If 10.06
AHCO,Accumulation,Low,52,Mixed,"Initial range ~9.62–10.92 (Jan) | Markup to ~13.43 (Apr–May) | Sharp markdown climax ~13.43→10.8 (May 5, climactic) | Secondary markdown to ~9.44 (Jun 17 wick) | Narrow consolidation base forming ~9.53–10.03 (Jun)","Feb 24 (4.16M vol, -174bps range expansion) = high effort, strong result — Selling Climax signal | May 5 (4.74M vol, -258bps) = Secondary Selling Climax / UTAD failure | Jun 17 (2.34M vol, close 9.53) = continued distribution pressure or shakeout test | Jun 24 (2.38M vol, close 10.03, bullish spread) = emerging demand effort with positive result","Climactic spikes at key lows (Feb 24, May 5) suggest absorption | Post-climax volume declining into consolidation = constructive drying up | Jun 24 upside volume spike on bullish close = possible SOS (Sign of Strength) or LPS setup | General volume contraction during Jun base = healthy for re-accumulation thesis",Jan–Feb: Distribution phase (10.49→8.85 breakdown) | Feb–Mar: Re-accumulation / Spring recovery | Mar–Apr: Markup confirmed | Apr–May: Secondary Distribution (UTAD ~13.43) | May–Jun: New Markdown into potential re-accumulation base ~9.44–10.03,"Exhibits classic stop-run behavior (Feb 24 flush below prior support, Jun 17 wick to 9.44) | Markup engineered Mar–Apr after SC absorption | May 5 gap-down suggests institutional unloading at markup highs | Jun activity shows selective absorption with lower volume on down days, rising volume on recoveries",SC (Selling Climax): Feb 24 ~8.505 intraday | AR (Automatic Rally): Feb 25–Mar 13 recovery | ST (Secondary Test): Mar 19–20 | SOS (Sign of Strength): Mar 24 gap-up high volume | LPS: Mar 30–31 | UTAD (Upthrust After Distribution): May 4 ~13.43 | SC2 (Secondary Climax/IPEX): May 5 ~10.80 | Creek re-test: Jun 17 wick to 9.44 | Possible Spring/LPS: Jun 24 recovery on volume,Price has undergone two full Wyckoff cycles within 6 months | Current base (Jun 3–25) is narrowing with lower volume = potential accumulation | Jun 24 bullish close on elevated volume is most constructive action since May selloff | Support zone ~9.44–9.65 holding thus far | Resistance to monitor: 10.15–10.43 (prior congestion); break above with volume = Phase D signal,No confirmed LPS or clear SOS break above resistance yet | Jun 17 wick to 9.44 could represent continuation markdown not shakeout | Price still below all prior structural levels from markup phase | May 5 climax may not have fully completed distribution — lower lows remain possible | Narrow base duration (Jun) may
ECVT,Distribution,High,74,Mixed,Primary uptrend from Jan (9.67) to Apr peak (14.97 on 2026-05-14) | Topping/distribution zone: Apr–May (~14.00–15.09) | Markdown initiated late May–June with lower highs and lower lows | Current price ~12.125 breaking key support,Upthrust effort (Apr 10–13: high volume surge to 14.42) with diminishing follow-through | May 21 large-range down bar on elevated volume (2.85M) signals supply dominance | Jun 4 spike volume (3.1M) on down close confirms distribution pressure | Jun 18 wide range down bar on 2.53M = effort confirming markdown,Volume expansion on down moves from late May onward | Diminishing volume on rally attempts (Jun 11–12: sub-1M = weak demand) | High volume selling climax potential developing at Jun 25 (1.15M with large lower shadow to 11.78) | Overall volume pattern confirms supply overwhelming demand,DISTRIBUTION confirmed | Composite operator selling into strength across Apr–May rally | No accumulation evidence in recent structure | Possible preliminary support (PS) forming near 11.78–12.12 zone,Distributing | CO sold aggressively into Apr 10–13 momentum surge | Systematic supply introduction on rallies Jan 26–Feb 27 consolidation tested | Final markdown phase now underway with CO absorbing any residual demand,"Preliminary Supply (PSY): ~2026-04-10 (4.58M, 13.93 close) | Buying Climax (BC): ~2026-04-13 (3.72M, 14.42 high) | Automatic Reaction (AR): ~2026-04-17 (3.03M, drop to 13.51) | Secondary Test (ST): ~2026-05-05–14 (rally to 14.97, lower volume) | Upthrust After Distribution (UTAD): ~2026-05-14 (15.085 high, 1.46M) | Sign of Weakness (SOW): ~2026-05-21 (2.85M, break to 13.25) | Last Point of Supply (LPSY): ~2026-05-26–27 (weak rally, low volume) | Markdown acceleration: Jun 1–25",Range established ~13.51–14.97 (Distribution TR) | Price has broken below TR support and below 200-period equivalent levels | Jun 25 intraday low of 11.78 = potential test of Jan accumulation base | Lower shadow on Jun 25 suggests possible short-term support/preliminary support forming | Distance from BC high (15.085) to current (12.125) = ~19.6% decline | Volume on Jun 24–25 remains moderate — no capitulation spike yet to confirm climactic selling,"No definitive selling climax volume spike yet — markdown may extend further before PS/SC forms | Jun 25 lower shadow (11.78) could indicate temporary support — watch for rally volume quality | If price closes below 11.78, next support at Jan accumulation base ~9.70–10.00 | Low-volume bounce attempts (Jun 11–12, Jun 22–23) have failed — bearish | Potential bear trap if Jun 25 shadow represents SC; confirmation requires volume surge + wide-range up close |"
DOLE,Accumulation,Low,38,Clean,Bearish — lower highs from Feb-04 peak (16.505) | lower lows progression from Mar onward | recent price action failing below 14.50 support cluster | May-June breakdown accelerating,Negative divergence dominant — large effort (high volume) producing minimal upside or outright downside results | May-11 high-volume spike failed to hold gains | May-29 and June-18/22 show climactic-style selling with poor recovery,"Elevated volume on down thrusts and failed rallies | Volume surges on: Feb-04 (1.4M, last push up), Feb-25 (1.35M, sharp drop), May-07/08/11/12 (climactic zone 1.2–1.9M), May-28/29 (1.5M/3.6M selling climax candidate), Jun-01/02/04/08/22 (sustained distribution volume 1.0–1.85M) | Dry-up volume absent on bounces = no absorption confirmation",Distribution dominant — price made peak at 16.505 (Feb-04) | systematic supply entering on rallies | each recovery attempt rejected at lower highs | May-29 3.6M bar = potential Selling Climax (SC) candidate but no AR/ST pattern confirmed yet | June price action retesting lows without stabilization,Appears to be distributing/offloading — supply consistently overwhelming demand on volume spikes | no evidence of professional accumulation; rallies are weak and short-lived | CO defending no identifiable support level with conviction,"Preliminary Supply (PSY): Feb-04 @ 16.505 | Buying Climax (BC) area: Feb-04 to Feb-06 | Automatic Reaction (AR): Feb-09 to Feb-11 drop | Secondary Test (ST): Feb-19 to Feb-20 @ ~16.04 | Sign of Weakness (SOW): Feb-25 break (-0.76 range, 1.35M vol) | Last Point of Supply (LPSY): Feb-27 rally to 16.50 rejected | Markdown begins: Mar-03 onward | Potential Selling Climax (SC): May-29 @ 13.99 (3.63M vol) | Weak Automatic Rally (AR): Jun-01/02 to ~14.22 | Re-test of SC low: Jun-08 @ 13.68 | No confirmed Spring or LPS as of Jun-25","Feb-04 peak on highest single-day volume (1.43M) = climax signal | Feb-25 gap-down on 1.35M = confirmed SOW | May-29 3.63M volume = largest bar in dataset, potential SC but price at 13.99 near multi-month low | June price oscillating 13.68–14.36 = possible creek/trading range base forming | Current price (Jun-25: 13.81) below all key MAs implied by price structure | No clear accumulation cause being built yet","May-29 SC volume extreme but no strong AR follow-through = distribution may continue | Jun-22 1.86M down bar = renewed supply, not absorption | Multiple LPSY-style rejections below 14.50 | Wide price spreads on down bars vs. narrow spre"
PRA,Accumulation,High,74,Clean,Extended trading range (Jan–May) ~23.86–24.85 | Sharp sell-off May 28 (Selling Climax candidate) | Recovery and re-test | Breakout Jun 24–25 above range resistance,"May 28 massive volume (3.37M) with significant price drop = Selling Climax effort | Jun 3 high volume (2.67M) with strong upside recovery = SOS effort confirmed | Jun 24 extreme volume (5.36M) with breakout to 25.00 = Effort confirming result | Jan–May range: moderate effort, minimal result = absorption",Jan–early Feb: declining volume on consolidation = absorption | Feb 2 spike (1.17M) = minor shakeout/test | Apr 6 high volume sell-off (1.85M) = secondary test / shakeout | May 28 climactic volume (3.37M) = Selling Climax (SC) | Jun 3 high volume recovery (2.68M) = Automatic Rally (AR) / SOS | Jun 24–25 breakout volume (5.36M + 3.0M) = institutional markup initiation,ACCUMULATION | Multi-month base building confirmed | Composite Operator absorbed supply across range | SC → AR → Spring-test sequence visible | Breakout above resistance = markup phase beginning,Accumulating | Systematic absorption of supply Jan–May | Engineered shakeout Apr 6 and May 28 | Markup initiated Jun 24 with high-conviction volume,"Preliminary Support (PS): ~Jan 2 (high vol, range entry) | Selling Climax (SC): May 28 (3.37M vol, drop to 23.86) | Automatic Rally (AR): May 29–Jun 3 (recovery to 24.42–24.71) | Secondary Test (ST): Jun 1 (23.68 low, lower volume) | Sign of Strength (SOS): Jun 3 (2.68M, strong close 24.42) | Back Up to the Edge of Creek (BUEC): Jun 8–23 (consolidation 24.54–24.75) | Jump Across the Creek (JAC): Jun 24 (5.36M, close 25.00) | Confirmation: Jun 25 (3.0M, holds 24.99)",Range resistance ~24.75–24.85 held for months before Jun 24 breakout | SC low 23.86 provides strong demand reference | BUEC consolidation Jun 8–23 on declining volume = healthy re-accumulation | JAC on 5.36M volume = highest single-day volume in dataset = institutional conviction | Two consecutive closes at/above 25.00 = structural breakout confirmed | Price appreciation from SC (23.86) to JAC close (25.00) = +4.8% markup,Only 2 days of post-breakout data — markup not yet fully confirmed | 25.00 is a round-number psychological resistance — could attract supply | Volume on Jun 25 (2.99M) declining vs Jun 24 — watch for continued confirmation | Overall price range tight (~24.00–25.00) — could be larger structure requiring broader context | No clear Phase D LPS test yet — pullback to test 24.70–24.85 would strengthen case
